{
    "Blues-like": 3.5883838383838382,
    "HipHop/Rap": 2.384228187919463,
    "Pop/Dance/RnB": 0.4762064343163539,
    "Rock/Metal": 0.8319672131147541
}