{
    "Blues-like": {
        "precision": 0.06413831567205801,
        "recall": 0.6284153005464481,
        "f1-score": 0.11639676113360324,
        "support": 183.0
    },
    "HipHop/Rap": {
        "precision": 0.09302325581395349,
        "recall": 0.012307692307692308,
        "f1-score": 0.021739130434782608,
        "support": 325.0
    },
    "Pop/Dance/RnB": {
        "precision": 0.7017543859649122,
        "recall": 0.10351966873706005,
        "f1-score": 0.18042399639152007,
        "support": 1932.0
    },
    "Rock/Metal": {
        "precision": 0.40179238237490666,
        "recall": 0.5274509803921569,
        "f1-score": 0.45612547689699023,
        "support": 1020.0
    },
    "accuracy": 0.2476878612716763,
    "macro avg": {
        "precision": 0.3151770849564576,
        "recall": 0.3179234104958394,
        "f1-score": 0.19367134121422402,
        "support": 3460.0
    },
    "weighted avg": {
        "precision": 0.522424154223739,
        "recall": 0.2476878612716763,
        "f1-score": 0.24340837345147417,
        "support": 3460.0
    }
}