{
    "Blues-like": [
        0.0650453120470047,
        0.1270303726196289,
        0.3035687208175659,
        0.08028761297464371,
        0.1051635891199112,
        0.032919373363256454,
        0.0881931260228157,
        0.008029832504689693,
        0.5622192621231079,
        0.15745370090007782,
        0.04855639114975929,
        0.04818608611822128,
        0.012118067592382431,
        0.009036957286298275,
        0.043815646320581436,
        0.013481972739100456,
        0.05081889405846596,
        0.07190126925706863,
        0.04254364222288132,
        0.07442858070135117,
        0.011530007235705853,
        0.005537424702197313,
        0.1249542236328125,
        0.013178960420191288,
        0.009566592052578926,
        0.00835334975272417,
        0.013727899640798569,
        0.0024280764628201723,
        0.0031847329810261726,
        0.006997318938374519,
        0.029629459604620934,
        0.022698475047945976,
        0.014101475477218628,
        0.014191346243023872,
        0.019722139462828636,
        0.06283586472272873,
        0.009026982821524143,
        0.003470084397122264,
        0.0699264258146286,
        0.11399613320827484,
        0.9749170541763306,
        0.39331844449043274,
        0.19748592376708984,
        0.06350633502006531,
        0.09504278004169464,
        0.26483145356178284,
        0.07373744994401932,
        0.03809387609362602,
        0.016271477565169334,
        0.05294036120176315,
        0.08690309524536133,
        0.2834804654121399,
        0.01893959753215313,
        0.09648039191961288,
        0.20154136419296265,
        0.011816657148301601,
        0.1775088906288147,
        0.07065990567207336,
        0.13955935835838318,
        0.03018941357731819,
        0.006925961002707481,
        0.08442959934473038,
        0.007899420335888863,
        0.01746172085404396,
        0.018990853801369667,
        0.010282684117555618,
        0.008384494110941887,
        0.010801794938743114,
        0.01157764159142971,
        0.0024718965869396925,
        0.008474082686007023,
        0.051161028444767,
        0.23313531279563904,
        0.005201306659728289,
        0.14853540062904358
    ],
    "HipHop/Rap": [
        0.016567841172218323,
        0.12917262315750122,
        0.019136670976877213,
        0.11039134860038757,
        0.022901922464370728,
        0.008375024423003197,
        0.023145100101828575,
        0.02318374253809452,
        0.041552845388650894,
        0.0054140458814799786,
        0.1772036850452423,
        0.0750945657491684,
        0.18106961250305176,
        0.01794513873755932,
        0.06466453522443771,
        0.0349835604429245,
        0.09573667496442795,
        0.048480235040187836,
        0.007108996156603098,
        0.03736952692270279,
        0.02002744935452938,
        0.030068619176745415,
        0.03182971850037575,
        0.3071694076061249,
        0.3353765606880188,
        0.0097737992182374,
        0.011502048000693321,
        0.15045343339443207,
        0.009564471431076527,
        0.007914173416793346,
        0.0317181795835495,
        0.006344290915876627,
        0.021793300285935402,
        0.009426776319742203,
        0.03903038054704666,
        0.013503802940249443,
        0.004492186941206455,
        0.005168458446860313,
        0.1408241093158722,
        0.01866900362074375,
        0.0755225121974945,
        0.03278464823961258,
        0.07595953345298767,
        0.0487545020878315,
        0.0960179790854454,
        0.009400367736816406,
        0.10863158106803894,
        0.2841978371143341,
        0.0148666612803936,
        0.6477776765823364,
        0.1967145949602127,
        0.050622619688510895,
        0.012280344031751156,
        0.08263906091451645,
        0.26192957162857056,
        0.03457856923341751,
        0.17492958903312683,
        0.056763656437397,
        0.12008540332317352,
        0.45802587270736694,
        0.22642244398593903,
        0.12188310921192169,
        0.1406378149986267,
        0.022483261302113533,
        0.018263645470142365,
        0.009330030530691147,
        0.0050978693179786205,
        0.04686456546187401,
        0.027218852192163467,
        0.021049346774816513,
        0.04791315644979477,
        0.030747752636671066,
        0.022144826129078865,
        0.0032902373932302,
        0.10833176225423813
    ],
    "Pop/Dance/RnB": [
        0.005702734459191561,
        0.030612939968705177,
        0.07742000371217728,
        0.8411934971809387,
        0.01375320553779602,
        0.06291203945875168,
        0.13287048041820526,
        0.013132540509104729,
        0.055234137922525406,
        0.026194503530859947,
        0.18513822555541992,
        0.04197732359170914,
        0.011750536970794201,
        0.02308371663093567,
        0.014239509589970112,
        0.0259938295930624,
        0.058103274554014206,
        0.10914065688848495,
        0.04188530892133713,
        0.18278175592422485,
        0.1591508984565735,
        0.007352972403168678,
        0.09202800691127777,
        0.15118499100208282,
        0.11557116359472275,
        0.010820744559168816,
        0.018728574737906456,
        0.012160811573266983,
        0.1177046149969101,
        0.024411089718341827,
        0.013584124855697155,
        0.027593020349740982,
        0.15965907275676727,
        0.023268897086381912,
        0.125520721077919,
        0.030109426006674767,
        0.006866231095045805,
        0.010733727365732193,
        0.1478745937347412,
        0.08105793595314026,
        0.0691417008638382,
        0.030152788385748863,
        0.733154833316803,
        0.10555444657802582,
        0.1217113584280014,
        0.2159508764743805,
        0.0201725997030735,
        0.016314780339598656,
        0.040806759148836136,
        0.08282499015331268,
        0.07176106423139572,
        0.0411737896502018,
        0.011038168333470821,
        0.022550974041223526,
        0.008286840282380581,
        0.012061147019267082,
        0.005010997876524925,
        0.05257676541805267,
        0.03504665568470955,
        0.0183202363550663,
        0.055768609046936035,
        0.0906505137681961,
        0.049960486590862274,
        0.08772381395101547,
        0.14162848889827728,
        0.015138710848987103,
        0.018378466367721558,
        0.03683709725737572,
        0.03035418875515461,
        0.032545022666454315,
        0.15677519142627716,
        0.041836876422166824,
        0.005733589641749859,
        0.018870646134018898,
        0.1656625121831894
    ],