{
    "Blues-like": {
        "precision": 0.5555555555555556,
        "recall": 0.3488372093023256,
        "f1-score": 0.42857142857142855,
        "support": 43.0
    },
    "HipHop/Rap": {
        "precision": 0.7741935483870968,
        "recall": 0.38095238095238093,
        "f1-score": 0.5106382978723404,
        "support": 63.0
    },
    "Pop/Dance/RnB": {
        "precision": 0.7275132275132276,
        "recall": 0.859375,
        "f1-score": 0.7879656160458453,
        "support": 320.0
    },
    "Rock/Metal": {
        "precision": 0.6936416184971098,
        "recall": 0.6557377049180327,
        "f1-score": 0.6741573033707865,
        "support": 183.0
    },
    "accuracy": 0.7126436781609196,
    "macro avg": {
        "precision": 0.6877259874882474,
        "recall": 0.5612255737931848,
        "f1-score": 0.6003331614651002,
        "support": 609.0
    },
    "weighted avg": {
        "precision": 0.7100225474983249,
        "recall": 0.7126436781609196,
        "f1-score": 0.6997020818490202,
        "support": 609.0
    }
}