{
    "Blues-like": {
        "precision": 0.65,
        "recall": 0.8666666666666667,
        "f1-score": 0.7428571428571429,
        "support": 15.0
    },
    "HipHop/Rap": {
        "precision": 0.6666666666666666,
        "recall": 0.9333333333333333,
        "f1-score": 0.7777777777777778,
        "support": 15.0
    },
    "Pop/Dance/RnB": {
        "precision": 0.9375,
        "recall": 0.5,
        "f1-score": 0.6521739130434783,
        "support": 30.0
    },
    "Rock/Metal": {
        "precision": 0.7272727272727273,
        "recall": 0.8,
        "f1-score": 0.7619047619047619,
        "support": 30.0
    },
    "accuracy": 0.7333333333333333,
    "macro avg": {
        "precision": 0.7453598484848485,
        "recall": 0.7749999999999999,
        "f1-score": 0.7336783988957902,
        "support": 90.0
    },
    "weighted avg": {
        "precision": 0.7743686868686868,
        "recall": 0.7333333333333333,
        "f1-score": 0.7247987117552334,
        "support": 90.0
    }
}