{
    "Blues-like": {
        "precision": 0.6666666666666666,
        "recall": 0.4,
        "f1-score": 0.5,
        "support": 15.0
    },
    "HipHop/Rap": {
        "precision": 1.0,
        "recall": 0.26666666666666666,
        "f1-score": 0.42105263157894735,
        "support": 15.0
    },
    "Pop/Dance/RnB": {
        "precision": 0.5681818181818182,
        "recall": 0.8333333333333334,
        "f1-score": 0.6756756756756757,
        "support": 30.0
    },
    "Rock/Metal": {
        "precision": 0.7272727272727273,
        "recall": 0.8,
        "f1-score": 0.7619047619047619,
        "support": 30.0
    },
    "accuracy": 0.6555555555555556,
    "macro avg": {
        "precision": 0.740530303030303,
        "recall": 0.575,
        "f1-score": 0.5896582672898463,
        "support": 90.0
    },
    "weighted avg": {
        "precision": 0.7095959595959597,
        "recall": 0.6555555555555556,
        "f1-score": 0.6327022511233037,
        "support": 90.0
    }
}