{
    "Blues-like": {
        "precision": 0.0690744920993228,
        "recall": 0.8360655737704918,
        "f1-score": 0.12760633861551293,
        "support": 183.0
    },
    "HipHop/Rap": {
        "precision": 0.4,
        "recall": 0.006153846153846154,
        "f1-score": 0.012121212121212121,
        "support": 325.0
    },
    "Pop/Dance/RnB": {
        "precision": 0.5384615384615384,
        "recall": 0.0036231884057971015,
        "f1-score": 0.0071979434447300775,
        "support": 1932.0
    },
    "Rock/Metal": {
        "precision": 0.44661776691116545,
        "recall": 0.5372549019607843,
        "f1-score": 0.48776145972407653,
        "support": 1020.0
    },
    "accuracy": 0.20520231213872833,
    "macro avg": {
        "precision": 0.3635384493680067,
        "recall": 0.3457743775727299,
        "f1-score": 0.1586717384763829,
        "support": 3460.0
    },
    "weighted avg": {
        "precision": 0.4735544643385136,
        "recall": 0.20520231213872833,
        "f1-score": 0.15569782357219925,
        "support": 3460.0
    }
}