{
    "Blues-like": {
        "precision": 0.7142857142857143,
        "recall": 0.23255813953488372,
        "f1-score": 0.3508771929824561,
        "support": 43.0
    },
    "HipHop/Rap": {
        "precision": 0.8636363636363636,
        "recall": 0.30158730158730157,
        "f1-score": 0.4470588235294118,
        "support": 63.0
    },
    "Pop/Dance/RnB": {
        "precision": 0.6886792452830188,
        "recall": 0.9125,
        "f1-score": 0.7849462365591398,
        "support": 320.0
    },
    "Rock/Metal": {
        "precision": 0.7315436241610739,
        "recall": 0.5956284153005464,
        "f1-score": 0.6566265060240963,
        "support": 183.0
    },
    "accuracy": 0.7060755336617406,
    "macro avg": {
        "precision": 0.7495362368415427,
        "recall": 0.5105684641056829,
        "f1-score": 0.559877189773776,
        "support": 609.0
    },
    "weighted avg": {
        "precision": 0.7214666967740874,
        "recall": 0.7060755336617406,
        "f1-score": 0.680784682236343,
        "support": 609.0
    }
}