{
    "Blues-like": {
        "precision": 0.5454545454545454,
        "recall": 0.21428571428571427,
        "f1-score": 0.3076923076923077,
        "support": 28.0
    },
    "HipHop/Rap": {
        "precision": 0.7272727272727273,
        "recall": 0.3333333333333333,
        "f1-score": 0.45714285714285713,
        "support": 48.0
    },
    "Pop/Dance/RnB": {
        "precision": 0.7286135693215339,
        "recall": 0.8517241379310345,
        "f1-score": 0.7853736089030207,
        "support": 290.0
    },
    "Rock/Metal": {
        "precision": 0.6666666666666666,
        "recall": 0.6405228758169934,
        "f1-score": 0.6533333333333333,
        "support": 153.0
    },
    "accuracy": 0.7071290944123314,
    "macro avg": {
        "precision": 0.6670018771788683,
        "recall": 0.5099665153417688,
        "f1-score": 0.5508855267678797,
        "support": 519.0
    },
    "weighted avg": {
        "precision": 0.7003463454432813,
        "recall": 0.7071290944123314,
        "f1-score": 0.6903209794607278,
        "support": 519.0
    }
}