{
    "Blues-like": {
        "precision": 1.0,
        "recall": 0.03571428571428571,
        "f1-score": 0.06896551724137931,
        "support": 28.0
    },
    "HipHop/Rap": {
        "precision": 1.0,
        "recall": 0.22916666666666666,
        "f1-score": 0.3728813559322034,
        "support": 48.0
    },
    "Pop/Dance/RnB": {
        "precision": 0.681704260651629,
        "recall": 0.9379310344827586,
        "f1-score": 0.7895500725689405,
        "support": 290.0
    },
    "Rock/Metal": {
        "precision": 0.75,
        "recall": 0.5294117647058824,
        "f1-score": 0.6206896551724138,
        "support": 153.0
    },
    "accuracy": 0.7032755298651252,
    "macro avg": {
        "precision": 0.8579260651629073,
        "recall": 0.4330559378923984,
        "f1-score": 0.4630216502287342,
        "support": 519.0
    },
    "weighted avg": {
        "precision": 0.7484474674161319,
        "recall": 0.7032755298651252,
        "f1-score": 0.6623591095450413,
        "support": 519.0
    }
}