{
    "Blues-like": 4.73046875,
    "HipHop/Rap": 2.655701754385965,
    "Pop/Dance/RnB": 0.4478550295857988,
    "Rock/Metal": 0.8480392156862745
}